edition_ID,City_ID,city_name,Language,State,Month,Copies Sold,copies_returned,Net_Circulation,copies_printed,,,
ED1005,C005,jaipur,Hindi,Rajasthan,2023 - 05,404389,13510,390879,417899,,,
ED1005,C005,jaipur,Hindi,Rajasthan,2019 - 03,492943,25024,467919,517967,,,
ED1001,C001,lucknow,Hindi,Uttar Pradesh,2023 - 07,168893,12285,156608,181178,,,
ED1003,C003,bhopal,Hindi,Madhya Pradesh,2023 - 07,216540,10117,206423,226657,,,
ED1007,C007,ranchi,Hindi,Jharkhand,2020 - 10,234563,13048,221515,247611,,,
ED1001,C001,lucknow,Hindi,Uttar Pradesh,2024 - 06,149986,6387,143599,156373,,,
ED1001,C001,lucknow,Hindi,Uttar Pradesh,2024 - 04,155269,9394,145875,164663,,,
ED1003,C003,bhopal,Hindi,Madhya Pradesh,2019 - 02,274749,13327,261422,288076,,,
ED1005,C005,jaipur,Hindi,Rajasthan,2019 - 05,498423,30933,467490,529356,,,
ED1006,C006,Mumbai,English,Maharashtra,2021 - 07,377357,17925,359432,395282,,,
ED1010,C010,Varanasi,Hindi,Uttar Pradesh,2023 - 11,389952,17470,372482,407422,,,
ED1007,C007,ranchi,Hindi,Jharkhand,2020 - 05,234054,14644,219410,248698,,,
ED1001,C001,lucknow,Hindi,Uttar Pradesh,2022 - 04,166729,5975,160754,172704,,,
ED1002,C002,Delhi,English,Delhi,2021 - 06,351210,18616,332594,369826,,,
ED1006,C006,Mumbai,English,Maharashtra,2024 - 11,304809,13930,290879,318739,,,
ED1005,C005,jaipur,Hindi,Rajasthan,2022 - 05,422488,22678,399810,445166,,,
ED1002,C002,Delhi,English,Delhi,2020 - 03,356422,17505,338917,373927,,,
ED1009,C009,Ahmedabad,Hindi,Gujarat,2023 - 04,266904,13638,253266,280542,,,
ED1004,C004,Patna,Hindi,Bihar,2022 - 08,231765,14158,217607,245923,,,
ED1003,C003,bhopal,Hindi,Madhya Pradesh,2024 - 10,207963,9464,198499,217427,,,
ED1007,C007,ranchi,Hindi,Jharkhand,2020 - 03,232783,7954,224829,240737,,,
ED1006,C006,Mumbai,English,Maharashtra,2019 - 08,424402,26771,397631,451173,,,
ED1001,C001,lucknow,Hindi,Uttar Pradesh,2021 - 10,194492,12156,182336,206648,,,
ED1010,C010,Varanasi,Hindi,Uttar Pradesh,2022 - 03,390340,12438,377902,402778,,,
ED1007,C007,ranchi,Hindi,Jharkhand,2022 - 11,216680,7052,209628,223732,,,
ED1005,C005,jaipur,Hindi,Rajasthan,2021 - 12,422959,18890,404069,441849,,,
ED1004,C004,Patna,Hindi,Bihar,2022 - 03,215106,13963,201143,229069,,,
ED1003,C003,bhopal,Hindi,Madhya Pradesh,2024 - 07,211625,15649,195976,227274,,,
ED1002,C002,Delhi,English,Delhi,2023 - 01,319153,13703,305450,332856,,,
ED1002,C002,Delhi,English,Delhi,2024 - 02,299137,22038,277099,321175,,,
ED1006,C006,Mumbai,English,Maharashtra,2023 - 10,333322,13546,319776,346868,,,
ED1006,C006,Mumbai,English,Maharashtra,2019 - 04,413633,28647,384986,442280,,,
ED1005,C005,jaipur,Hindi,Rajasthan,2023 - 01,395177,20456,374721,415633,,,
ED1006,C006,Mumbai,English,Maharashtra,2020 - 04,389210,11735,377475,400945,,,
ED1008,C008,kanpur,Hindi,Uttar Pradesh,2024 - 08,283139,21735,261404,304874,,,
ED1009,C009,Ahmedabad,Hindi,Gujarat,2024 - 01,231585,10447,221138,242032,,,
ED1010,C010,Varanasi,Hindi,Uttar Pradesh,2024 - 09,364199,26695,337504,390894,,,
ED1008,C008,kanpur,Hindi,Uttar Pradesh,2024 - 06,299314,17723,281591,317037,,,
ED1009,C009,Ahmedabad,Hindi,Gujarat,2019 - 08,312856,13297,299559,326153,,,
ED1007,C007,ranchi,Hindi,Jharkhand,2024 - 02,179614,10816,168798,190430,,,
ED1005,C005,jaipur,Hindi,Rajasthan,2020 - 01,447359,26679,420680,474038,,,
ED1002,C002,Delhi,English,Delhi,2024 - 04,291694,22100,269594,313794,,,
ED1001,C001,lucknow,Hindi,Uttar Pradesh,2023 - 02,171576,11259,160317,182835,,,
ED1010,C010,Varanasi,Hindi,Uttar Pradesh,2024 - 05,363888,17379,346509,381267,,,
ED1006,C006,Mumbai,English,Maharashtra,2023 - 09,346960,20431,326529,367391,,,
ED1002,C002,Delhi,English,Delhi,2019 - 01,396250,15569,380681,411819,,,
ED1005,C005,jaipur,Hindi,Rajasthan,2023 - 07,386491,28006,358485,414497,,,
ED1009,C009,Ahmedabad,Hindi,Gujarat,2020 - 10,295294,20493,274801,315787,,,
ED1010,C010,Varanasi,Hindi,Uttar Pradesh,2019 - 04,495571,36995,458576,532566,,,
ED1002,C002,Delhi,English,Delhi,2019 - 06,387789,11738,376051,399527,,,
ED1008,C008,kanpur,Hindi,Uttar Pradesh,2020 - 07,351326,11148,340178,362474,,,
ED1010,C010,Varanasi,Hindi,Uttar Pradesh,2021 - 01,413556,31538,382018,445094,,,
ED1007,C007,ranchi,Hindi,Jharkhand,2019 - 06,235078,10381,224697,245459,,,
ED1009,C009,Ahmedabad,Hindi,Gujarat,2020 - 04,312704,17758,294946,330462,,,
ED1002,C002,Delhi,English,Delhi,2023 - 12,292264,19810,272454,312074,,,
ED1005,C005,jaipur,Hindi,Rajasthan,2024 - 05,382678,27859,354819,410537,,,
ED1003,C003,bhopal,Hindi,Madhya Pradesh,2024 - 08,215145,13945,201200,229090,,,
ED1003,C003,bhopal,Hindi,Madhya Pradesh,2024 - 12,211342,16081,195261,227423,,,
ED1002,C002,Delhi,English,Delhi,2020 - 01,374659,20241,354418,394900,,,
ED1005,C005,jaipur,Hindi,Rajasthan,2022 - 06,430228,15138,415090,445366,,,
ED1008,C008,kanpur,Hindi,Uttar Pradesh,2021 - 05,351882,27321,324561,379203,,,
ED1001,C001,lucknow,Hindi,Uttar Pradesh,2019 - 11,208186,8632,199554,216818,,,
ED1002,C002,Delhi,English,Delhi,2019 - 07,384598,20109,364489,404707,,,
ED1006,C006,Mumbai,English,Maharashtra,2021 - 10,362712,24978,337734,387690,,,
ED1004,C004,Patna,Hindi,Bihar,2021 - 11,240275,13003,227272,253278,,,
ED1002,C002,Delhi,English,Delhi,2021 - 02,341324,10896,330428,352220,,,
ED1010,C010,Varanasi,Hindi,Uttar Pradesh,2019 - 07,478384,26410,451974,504794,,,
ED1003,C003,bhopal,Hindi,Madhya Pradesh,2019 - 12,281893,17252,264641,299145,,,
ED1008,C008,kanpur,Hindi,Uttar Pradesh,2020 - 12,370710,20295,350415,391005,,,
ED1009,C009,Ahmedabad,Hindi,Gujarat,2020 - 09,304566,22870,281696,327436,,,
ED1010,C010,Varanasi,Hindi,Uttar Pradesh,2020 - 09,479906,26402,453504,506308,,,
ED1006,C006,Mumbai,English,Maharashtra,2023 - 01,348027,24975,323052,373002,,,
ED1002,C002,Delhi,English,Delhi,2019 - 10,372975,27522,345453,400497,,,
ED1006,C006,Mumbai,English,Maharashtra,2020 - 11,397852,28110,369742,425962,,,
ED1003,C003,bhopal,Hindi,Madhya Pradesh,2019 - 05,297817,20351,277466,318168,,,
ED1008,C008,kanpur,Hindi,Uttar Pradesh,2021 - 09,329679,12959,316720,342638,,,
ED1009,C009,Ahmedabad,Hindi,Gujarat,2019 - 06,334610,22617,311993,357227,,,
ED1005,C005,jaipur,Hindi,Rajasthan,2023 - 09,385975,11796,374179,397771,,,
ED1010,C010,Varanasi,Hindi,Uttar Pradesh,2024 - 07,377974,24863,353111,402837,,,
ED1004,C004,Patna,Hindi,Bihar,2021 - 09,243443,17615,225828,261058,,,
ED1008,C008,kanpur,Hindi,Uttar Pradesh,2021 - 06,354278,19786,334492,374064,,,
ED1005,C005,jaipur,Hindi,Rajasthan,2020 - 07,448097,22270,425827,470367,,,
ED1003,C003,bhopal,Hindi,Madhya Pradesh,2023 - 01,236649,17145,219504,253794,,,
ED1005,C005,jaipur,Hindi,Rajasthan,2019 - 12,488725,16187,472538,504912,,,
ED1001,C001,lucknow,Hindi,Uttar Pradesh,2021 - 08,191534,11091,180443,202625,,,
ED1007,C007,ranchi,Hindi,Jharkhand,2024 - 12,188572,8788,179784,197360,,,
ED1008,C008,kanpur,Hindi,Uttar Pradesh,2022 - 10,321968,10534,311434,332502,,,
ED1004,C004,Patna,Hindi,Bihar,2020 - 04,259434,8473,250961,267907,,,
ED1007,C007,ranchi,Hindi,Jharkhand,2021 - 02,222154,11636,210518,233790,,,
ED1010,C010,Varanasi,Hindi,Uttar Pradesh,2020 - 01,444565,25107,419458,469672,,,
ED1004,C004,Patna,Hindi,Bihar,2020 - 07,241009,14832,226177,255841,,,
ED1001,C001,lucknow,Hindi,Uttar Pradesh,2023 - 08,162799,10087,152712,172886,,,
ED1003,C003,bhopal,Hindi,Madhya Pradesh,2024 - 06,218393,11815,206578,230208,,,
ED1005,C005,jaipur,Hindi,Rajasthan,2023 - 03,407058,26710,380348,433768,,,
ED1003,C003,bhopal,Hindi,Madhya Pradesh,2021 - 07,265136,13672,251464,278808,,,
ED1005,C005,jaipur,Hindi,Rajasthan,2024 - 03,357236,21401,335835,378637,,,
ED1002,C002,Delhi,English,Delhi,2019 - 05,397820,27489,370331,425309,,,
ED1001,C001,lucknow,Hindi,Uttar Pradesh,2019 - 03,198628,13704,184924,212332,,,
ED1008,C008,kanpur,Hindi,Uttar Pradesh,2022 - 09,317011,13471,303540,330482,,,
ED1002,C002,Delhi,English,Delhi,2022 - 02,336080,11781,324299,347861,,,
ED1005,C005,jaipur,Hindi,Rajasthan,2019 - 04,492394,15835,476559,508229,,,
ED1010,C010,Varanasi,Hindi,Uttar Pradesh,2024 - 08,375754,12602,363152,388356,,,
ED1005,C005,jaipur,Hindi,Rajasthan,2020 - 12,473341,22205,451136,495546,,,
ED1005,C005,jaipur,Hindi,Rajasthan,2024 - 04,363198,18301,344897,381499,,,
ED1003,C003,bhopal,Hindi,Madhya Pradesh,2024 - 05,215893,16101,199792,231994,,,
ED1005,C005,jaipur,Hindi,Rajasthan,2024 - 10,363181,14806,348375,377987,,,
ED1003,C003,bhopal,Hindi,Madhya Pradesh,2022 - 02,238270,8488,229782,246758,,,
ED1004,C004,Patna,Hindi,Bihar,2020 - 08,242482,11939,230543,254421,,,
ED1004,C004,Patna,Hindi,Bihar,2019 - 12,271003,20167,250836,291170,,,
ED1010,C010,Varanasi,Hindi,Uttar Pradesh,2019 - 10,50712,19757,487255,70469,,,
ED1002,C002,Delhi,English,Delhi,2022 - 11,327736,20675,307061,348411,,,
ED1007,C007,ranchi,Hindi,Jharkhand,2020 - 07,237334,8538,228796,245872,,,
ED1009,C009,Ahmedabad,Hindi,Gujarat,2022 - 12,288006,20972,267034,308978,,,
ED1002,C002,Delhi,English,Delhi,2020 - 07,360134,23892,336242,384026,,,
ED1008,C008,kanpur,Hindi,Uttar Pradesh,2019 - 11,385207,25419,359788,410626,,,
ED1005,C005,jaipur,Hindi,Rajasthan,2022 - 04,406326,24740,381586,431066,,,
ED1006,C006,Mumbai,English,Maharashtra,2020 - 06,408191,25077,383114,433268,,,
ED1001,C001,lucknow,Hindi,Uttar Pradesh,2024 - 01,162016,12321,149695,174337,,,
ED1009,C009,Ahmedabad,Hindi,Gujarat,2019 - 04,323016,24055,298961,347071,,,
ED1001,C001,lucknow,Hindi,Uttar Pradesh,2021 - 07,184874,11596,173278,196470,,,
ED1001,C001,lucknow,Hindi,Uttar Pradesh,2024 - 10,161378,10424,150954,171802,,,
ED1006,C006,Mumbai,English,Maharashtra,2022 - 03,349292,10742,338550,360034,,,
ED1009,C009,Ahmedabad,Hindi,Gujarat,2022 - 11,265761,10014,255747,275775,,,
ED1001,C001,lucknow,Hindi,Uttar Pradesh,2022 - 09,180272,13479,166793,193751,,,
ED1005,C005,jaipur,Hindi,Rajasthan,2019 - 07,495839,27892,467947,523731,,,
ED1001,C001,lucknow,Hindi,Uttar Pradesh,2024 - 11,146927,7829,139098,154756,,,
ED1006,C006,Mumbai,English,Maharashtra,2021 - 05,394747,29544,365203,424291,,,
ED1010,C010,Varanasi,Hindi,Uttar Pradesh,2019 - 05,480926,35500,445426,516426,,,
ED1009,C009,Ahmedabad,Hindi,Gujarat,2020 - 01,298464,18346,280118,316810,,,
ED1007,C007,ranchi,Hindi,Jharkhand,2021 - 07,211986,7591,204395,219577,,,
ED1010,C010,Varanasi,Hindi,Uttar Pradesh,2021 - 02,437450,18105,419345,455555,,,
ED1006,C006,Mumbai,English,Maharashtra,2024 - 01,307998,13660,294338,321658,,,
ED1004,C004,Patna,Hindi,Bihar,2019 - 05,256933,11125,245808,268058,,,
ED1008,C008,kanpur,Hindi,Uttar Pradesh,2023 - 01,291126,9742,281384,300868,,,
ED1005,C005,jaipur,Hindi,Rajasthan,2022 - 12,431462,25557,405905,457019,,,
ED1010,C010,Varanasi,Hindi,Uttar Pradesh,2024 - 03,360722,23761,336961,384483,,,
ED1002,C002,Delhi,English,Delhi,2024 - 05,273965,21792,252173,295757,,,
ED1001,C001,lucknow,Hindi,Uttar Pradesh,2019 - 07,204007,12846,191161,216853,,,
ED1004,C004,Patna,Hindi,Bihar,2019 - 08,277633,19458,258175,297091,,,
ED1003,C003,bhopal,Hindi,Madhya Pradesh,2020 - 09,262987,9491,253496,272478,,,
ED1003,C003,bhopal,Hindi,Madhya Pradesh,2020 - 10,270763,19009,251754,289772,,,
ED1003,C003,bhopal,Hindi,Madhya Pradesh,2023 - 08,237182,15764,221418,252946,,,
ED1002,C002,Delhi,English,Delhi,2024 - 01,282501,17096,265405,299597,,,
ED1007,C007,ranchi,Hindi,Jharkhand,2024 - 10,181025,11340,169685,192365,,,
ED1006,C006,Mumbai,English,Maharashtra,2021 - 12,375713,13938,361775,389651,,,
ED1001,C001,lucknow,Hindi,Uttar Pradesh,2022 - 06,177239,13834,163405,191073,,,
ED1002,C002,Delhi,English,Delhi,2022 - 01,333163,13288,319875,346451,,,
ED1009,C009,Ahmedabad,Hindi,Gujarat,2024 - 09,234482,17217,217265,251699,,,
ED1001,C001,lucknow,Hindi,Uttar Pradesh,2023 - 09,163687,5466,158221,169153,,,
ED1003,C003,bhopal,Hindi,Madhya Pradesh,2020 - 03,272221,21026,251195,293247,,,
ED1007,C007,ranchi,Hindi,Jharkhand,2021 - 09,230861,9420,221441,240281,,,
ED1005,C005,jaipur,Hindi,Rajasthan,2022 - 01,406330,31543,374787,437873,,,
ED1008,C008,kanpur,Hindi,Uttar Pradesh,2021 - 04,331517,14384,317133,345901,,,
ED1001,C001,lucknow,Hindi,Uttar Pradesh,2021 - 01,192396,12034,180362,204430,,,
ED1008,C008,kanpur,Hindi,Uttar Pradesh,2022 - 02,309472,10895,298577,320367,,,
ED1004,C004,Patna,Hindi,Bihar,2022 - 09,222260,14531,207729,236791,,,
ED1008,C008,kanpur,Hindi,Uttar Pradesh,2022 - 11,337050,21221,315829,358271,,,
ED1005,C005,jaipur,Hindi,Rajasthan,2020 - 03,445242,18829,426413,464071,,,
ED1006,C006,Mumbai,English,Maharashtra,2024 - 12,311533,22068,289465,333601,,,
ED1002,C002,Delhi,English,Delhi,2022 - 03,310536,10843,299693,321379,,,
ED1002,C002,Delhi,English,Delhi,2019 - 11,400587,29577,37110,430164,,,
ED1001,C001,lucknow,Hindi,Uttar Pradesh,2023 - 04,157662,11393,146269,169055,,,
ED1010,C010,Varanasi,Hindi,Uttar Pradesh,2021 - 08,433448,22366,411082,455814,,,
ED1009,C009,Ahmedabad,Hindi,Gujarat,2019 - 01,324890,12993,311897,337883,,,
ED1009,C009,Ahmedabad,Hindi,Gujarat,2020 - 02,320761,14024,306737,334785,,,
ED1004,C004,Patna,Hindi,Bihar,2024 - 06,196578,14879,181699,211457,,,
ED1004,C004,Patna,Hindi,Bihar,2022 - 06,217818,10245,207573,228063,,,
ED1009,C009,Ahmedabad,Hindi,Gujarat,2024 - 04,236282,15681,220601,251963,,,
ED1005,C005,jaipur,Hindi,Rajasthan,2021 - 07,421446,30319,391127,451765,,,
ED1001,C001,lucknow,Hindi,Uttar Pradesh,2020 - 07,191981,10816,181165,202797,,,
ED1004,C004,Patna,Hindi,Bihar,2021 - 05,249319,14148,235171,263467,,,
ED1006,C006,Mumbai,English,Maharashtra,2021 - 11,377815,17511,360304,395326,,,
ED1009,C009,Ahmedabad,Hindi,Gujarat,2021 - 04,294325,15248,279077,309573,,,
ED1007,C007,ranchi,Hindi,Jharkhand,2024 - 08,192417,7528,184889,199945,,,
ED1001,C001,lucknow,Hindi,Uttar Pradesh,2024 - 02,156049,9881,146168,165930,,,
ED1003,C003,bhopal,Hindi,Madhya Pradesh,2022 - 03,250696,9111,241585,259807,,,
ED1008,C008,kanpur,Hindi,Uttar Pradesh,2019 - 03,377684,22830,354854,400514,,,
ED1001,C001,lucknow,Hindi,Uttar Pradesh,2021 - 06,185010,12024,172986,197034,,,
ED1003,C003,bhopal,Hindi,Madhya Pradesh,2024 - 01,212594,8304,204290,220898,,,
ED1010,C010,Varanasi,Hindi,Uttar Pradesh,2023 - 06,404964,12252,392712,417216,,,
ED1004,C004,Patna,Hindi,Bihar,2023 - 02,211696,7360,204336,219056,,,
ED1005,C005,jaipur,Hindi,Rajasthan,2024 - 09,351552,20359,331193,371911,,,
ED1007,C007,ranchi,Hindi,Jharkhand,2022 - 02,215220,12387,202833,227607,,,
ED1010,C010,Varanasi,Hindi,Uttar Pradesh,2020 - 08,439256,15046,424210,454302,,,
ED1007,C007,ranchi,Hindi,Jharkhand,2020 - 06,234837,17358,217479,252195,,,
ED1007,C007,ranchi,Hindi,Jharkhand,2019 - 01,244851,15400,229451,260251,,,
ED1009,C009,Ahmedabad,Hindi,Gujarat,2022 - 08,263343,11298,252045,274641,,,
ED1004,C004,Patna,Hindi,Bihar,2022 - 05,225790,8189,217601,233979,,,
ED1005,C005,jaipur,Hindi,Rajasthan,2024 - 06,359048,23375,335673,382423,,,
ED1007,C007,ranchi,Hindi,Jharkhand,2019 - 08,252600,10479,242121,263079,,,
ED1003,C003,bhopal,Hindi,Madhya Pradesh,2021 - 09,249931,11173,238758,261104,,,
ED1004,C004,Patna,Hindi,Bihar,2020 - 12,245115,8048,237067,253163,,,
ED1006,C006,Mumbai,English,Maharashtra,2024 - 07,318741,21801,296940,340542,,,
ED1002,C002,Delhi,English,Delhi,2024 - 06,297083,22671,274412,319754,,,
ED1003,C003,bhopal,Hindi,Madhya Pradesh,2023 - 05,232941,18260,214681,251201,,,
ED1010,C010,Varanasi,Hindi,Uttar Pradesh,2021 - 03,417421,25048,392373,442469,,,
ED1003,C003,bhopal,Hindi,Madhya Pradesh,2020 - 08,281482,12595,268887,294077,,,
ED1005,C005,jaipur,Hindi,Rajasthan,2024 - 08,358432,16536,341896,374968,,,
ED1009,C009,Ahmedabad,Hindi,Gujarat,2023 - 08,255668,15172,240496,270840,,,
ED1007,C007,ranchi,Hindi,Jharkhand,2022 - 03,200941,14065,186876,215006,,,
ED1009,C009,Ahmedabad,Hindi,Gujarat,2019 - 03,327435,22851,304584,350286,,,
ED1007,C007,ranchi,Hindi,Jharkhand,2022 - 01,203847,13715,190132,217562,,,
ED1005,C005,jaipur,Hindi,Rajasthan,2021 - 08,421999,13339,408660,435338,,,
ED1008,C008,kanpur,Hindi,Uttar Pradesh,2021 - 07,341449,18181,323268,359630,,,
ED1002,C002,Delhi,English,Delhi,2021 - 09,352928,22534,330394,375462,,,
ED1002,C002,Delhi,English,Delhi,2022 - 07,323679,21547,302132,345226,,,
ED1010,C010,Varanasi,Hindi,Uttar Pradesh,2021 - 04,443605,31772,411833,475377,,,
ED1003,C003,bhopal,Hindi,Madhya Pradesh,2024 - 09,212229,11973,200256,224202,,,
ED1009,C009,Ahmedabad,Hindi,Gujarat,2024 - 10,247205,10947,236258,258152,,,
ED1006,C006,Mumbai,English,Maharashtra,2020 - 10,387298,30334,356964,417632,,,
ED1002,C002,Delhi,English,Delhi,2020 - 09,375918,19433,356485,395351,,,
ED1001,C001,lucknow,Hindi,Uttar Pradesh,2019 - 08,205447,12781,192666,218228,,,
ED1002,C002,Delhi,English,Delhi,2020 - 06,370168,20752,349416,390920,,,
ED1008,C008,kanpur,Hindi,Uttar Pradesh,2022 - 06,309216,14045,295171,323261,,,
ED1010,C010,Varanasi,Hindi,Uttar Pradesh,2022 - 05,423964,26807,397157,450771,,,
ED1008,C008,kanpur,Hindi,Uttar Pradesh,2021 - 11,358005,21923,336082,379928,,,
ED1008,C008,kanpur,Hindi,Uttar Pradesh,2022 - 12,325235,10835,314400,336070,,,
ED1009,C009,Ahmedabad,Hindi,Gujarat,2020 - 11,305201,22834,282367,328035,,,
ED1010,C010,Varanasi,Hindi,Uttar Pradesh,2023 - 02,373504,11939,361565,385443,,,
ED1002,C002,Delhi,English,Delhi,2024 - 09,292026,19106,272920,311132,,,
ED1001,C001,lucknow,Hindi,Uttar Pradesh,2021 - 05,192181,10922,181259,203103,,,
ED1001,C001,lucknow,Hindi,Uttar Pradesh,2022 - 08,168287,7054,161233,175341,,,
ED1001,C001,lucknow,Hindi,Uttar Pradesh,2022 - 07,179596,8762,170834,188358,,,
ED1002,C002,Delhi,English,Delhi,2019 - 02,371419,23489,347930,394908,,,
ED1003,C003,bhopal,Hindi,Madhya Pradesh,2020 - 12,260310,20595,239715,280905,,,
ED1008,C008,kanpur,Hindi,Uttar Pradesh,2023 - 06,304510,10203,294307,314713,,,
ED1009,C009,Ahmedabad,Hindi,Gujarat,2023 - 06,247690,12116,235574,259806,,,
ED1001,C001,lucknow,Hindi,Uttar Pradesh,2024 - 07,160376,6900,153476,167276,,,
ED1001,C001,lucknow,Hindi,Uttar Pradesh,2019 - 12,21150,15258,185892,36408,,,
ED1005,C005,jaipur,Hindi,Rajasthan,2022 - 03,407619,21910,385709,429529,,,
ED1009,C009,Ahmedabad,Hindi,Gujarat,2019 - 11,321586,24801,296785,346387,,,
ED1003,C003,bhopal,Hindi,Madhya Pradesh,2021 - 11,263279,12141,251138,275420,,,
ED1004,C004,Patna,Hindi,Bihar,2024 - 11,195545,11170,184375,206715,,,
ED1008,C008,kanpur,Hindi,Uttar Pradesh,2022 - 08,333280,23147,310133,356427,,,
ED1007,C007,ranchi,Hindi,Jharkhand,2019 - 03,240891,9682,231209,250573,,,
ED1010,C010,Varanasi,Hindi,Uttar Pradesh,2022 - 01,430430,16040,414390,446470,,,
ED1007,C007,ranchi,Hindi,Jharkhand,2020 - 08,242274,17654,224620,259928,,,
ED1003,C003,bhopal,Hindi,Madhya Pradesh,2021 - 10,251391,19909,231482,271300,,,
ED1008,C008,kanpur,Hindi,Uttar Pradesh,2019 - 10,384291,12636,371655,396927,,,
ED1010,C010,Varanasi,Hindi,Uttar Pradesh,2019 - 02,499292,22929,476363,522221,,,
ED1002,C002,Delhi,English,Delhi,2019 - 12,395790,12887,382903,408677,,,
ED1004,C004,Patna,Hindi,Bihar,2019 - 03,276670,11636,265034,288306,,,
ED1007,C007,ranchi,Hindi,Jharkhand,2023 - 06,202048,6080,195968,208128,,,
ED1008,C008,kanpur,Hindi,Uttar Pradesh,2019 - 04,398299,16477,381822,414776,,,
ED1007,C007,ranchi,Hindi,Jharkhand,2021 - 12,210325,16350,193975,226675,,,
ED1009,C009,Ahmedabad,Hindi,Gujarat,2022 - 10,285568,16700,268868,302268,,,
ED1009,C009,Ahmedabad,Hindi,Gujarat,2023 - 10,268108,14074,254034,282182,,,
ED1006,C006,Mumbai,English,Maharashtra,2024 - 03,330634,21466,309168,352100,,,
ED1002,C002,Delhi,English,Delhi,2019 - 08,379822,21149,358673,400971,,,
ED1001,C001,lucknow,Hindi,Uttar Pradesh,2020 - 12,204263,10604,193659,214867,,,
ED1001,C001,lucknow,Hindi,Uttar Pradesh,2020 - 04,193147,11422,181725,204569,,,
ED1006,C006,Mumbai,English,Maharashtra,2023 - 04,321252,11856,309396,333108,,,
ED1007,C007,ranchi,Hindi,Jharkhand,2020 - 02,240730,17118,223612,257848,,,
ED1004,C004,Patna,Hindi,Bihar,2023 - 12,208141,12397,195744,220538,,,
ED1004,C004,Patna,Hindi,Bihar,2021 - 08,229744,9684,220060,239428,,,
ED1005,C005,jaipur,Hindi,Rajasthan,2019 - 09,511248,26801,484447,538049,,,
ED1008,C008,kanpur,Hindi,Uttar Pradesh,2021 - 02,359948,15287,344661,375235,,,
ED1007,C007,ranchi,Hindi,Jharkhand,2023 - 08,186610,8792,177818,195402,,,
ED1004,C004,Patna,Hindi,Bihar,2023 - 01,207491,10981,196510,218472,,,
ED1006,C006,Mumbai,English,Maharashtra,2020 - 09,395698,28423,367275,424121,,,
ED1005,C005,jaipur,Hindi,Rajasthan,2022 - 08,429263,13831,415432,443094,,,
ED1005,C005,jaipur,Hindi,Rajasthan,2022 - 11,416265,18289,397976,434554,,,
ED1006,C006,Mumbai,English,Maharashtra,2024 - 06,327225,10187,317038,337412,,,
ED1001,C001,lucknow,Hindi,Uttar Pradesh,2019 - 10,205192,6805,198387,211997,,,
ED1004,C004,Patna,Hindi,Bihar,2021 - 10,233994,14684,219310,248678,,,
ED1001,C001,lucknow,Hindi,Uttar Pradesh,2020 - 11,195830,12781,183049,208611,,,
ED1004,C004,Patna,Hindi,Bihar,2019 - 06,277718,11991,265727,289709,,,
ED1009,C009,Ahmedabad,Hindi,Gujarat,2023 - 05,268292,15003,253289,283295,,,
ED1010,C010,Varanasi,Hindi,Uttar Pradesh,2023 - 09,405577,27776,377801,433353,,,
ED1006,C006,Mumbai,English,Maharashtra,2019 - 03,432945,18010,414935,450955,,,
ED1009,C009,Ahmedabad,Hindi,Gujarat,2021 - 02,286431,14594,271837,301025,,,
ED1003,C003,bhopal,Hindi,Madhya Pradesh,2023 - 12,216335,17008,199327,233343,,,
ED1006,C006,Mumbai,English,Maharashtra,2024 - 10,303020,9716,293304,312736,,,
ED1002,C002,Delhi,English,Delhi,2020 - 10,360098,17536,342562,377634,,,
ED1008,C008,kanpur,Hindi,Uttar Pradesh,2023 - 08,298630,11882,286748,310512,,,
ED1004,C004,Patna,Hindi,Bihar,2024 - 09,197044,9743,187301,206787,,,
ED1006,C006,Mumbai,English,Maharashtra,2022 - 10,341316,10682,330634,351998,,,
ED1003,C003,bhopal,Hindi,Madhya Pradesh,2022 - 05,229715,13548,216167,243263,,,
ED1009,C009,Ahmedabad,Hindi,Gujarat,2019 - 05,321591,22719,298872,344310,,,
ED1005,C005,jaipur,Hindi,Rajasthan,2021 - 03,454923,29154,425769,484077,,,
ED1003,C003,bhopal,Hindi,Madhya Pradesh,2019 - 10,291318,15276,276042,306594,,,
ED1002,C002,Delhi,English,Delhi,2019 - 04,385918,15631,370287,401549,,,
ED1006,C006,Mumbai,English,Maharashtra,2019 - 01,421894,22522,399372,444416,,,
ED1004,C004,Patna,Hindi,Bihar,2024 - 02,197427,7095,190332,204522,,,
ED1001,C001,lucknow,Hindi,Uttar Pradesh,2024 - 09,156904,6338,150566,163242,,,
ED1006,C006,Mumbai,English,Maharashtra,2023 - 02,322438,17714,304724,340152,,,
ED1003,C003,bhopal,Hindi,Madhya Pradesh,2022 - 09,230079,13853,216226,243932,,,
ED1004,C004,Patna,Hindi,Bihar,2023 - 08,218647,11455,207192,230102,,,
ED1004,C004,Patna,Hindi,Bihar,2020 - 09,245314,13157,232157,258471,,,
ED1002,C002,Delhi,English,Delhi,2020 - 05,349433,22561,326872,371994,,,
ED1009,C009,Ahmedabad,Hindi,Gujarat,2021 - 10,302901,14184,288717,317085,,,
ED1002,C002,Delhi,English,Delhi,2022 - 10,320199,24615,295584,344814,,,
ED1002,C002,Delhi,English,Delhi,2023 - 06,315684,17506,298178,333190,,,
ED1009,C009,Ahmedabad,Hindi,Gujarat,2020 - 03,319438,14097,305341,333535,,,
ED1005,C005,jaipur,Hindi,Rajasthan,2019 - 02,474309,17406,456903,491715,,,
ED1004,C004,Patna,Hindi,Bihar,2020 - 11,254696,11582,243114,266278,,,
ED1001,C001,lucknow,Hindi,Uttar Pradesh,2019 - 01,211806,11669,200137,223475,,,
ED1010,C010,Varanasi,Hindi,Uttar Pradesh,2024 - 04,345007,12867,332140,357874,,,
ED1005,C005,jaipur,Hindi,Rajasthan,2022 - 09,395706,22363,373343,418069,,,
ED1008,C008,kanpur,Hindi,Uttar Pradesh,2020 - 01,357592,13802,343790,371394,,,
ED1006,C006,Mumbai,English,Maharashtra,2019 - 10,402349,13818,388531,416167,,,
ED1004,C004,Patna,Hindi,Bihar,2024 - 03,191673,7207,184466,198880,,,
ED1002,C002,Delhi,English,Delhi,2022 - 09,333296,26422,306874,359718,,,
ED1004,C004,Patna,Hindi,Bihar,2020 - 01,242186,11562,230624,253748,,,
ED1005,C005,jaipur,Hindi,Rajasthan,2022 - 10,434571,22479,412092,457050,,,
ED1005,C005,jaipur,Hindi,Rajasthan,2023 - 11,376918,25370,351548,402288,,,
ED1004,C004,Patna,Hindi,Bihar,2023 - 11,202428,10508,191920,212936,,,
ED1010,C010,Varanasi,Hindi,Uttar Pradesh,2022 - 04,395165,31086,364079,426251,,,
ED1003,C003,bhopal,Hindi,Madhya Pradesh,2019 - 01,282436,10768,271668,293204,,,
ED1006,C006,Mumbai,English,Maharashtra,2023 - 05,325865,14547,311318,340412,,,
ED1006,C006,Mumbai,English,Maharashtra,2022 - 09,350362,25717,324645,376079,,,
ED1010,C010,Varanasi,Hindi,Uttar Pradesh,2019 - 03,500405,28526,471879,528931,,,
ED1008,C008,kanpur,Hindi,Uttar Pradesh,2020 - 08,366111,19900,346211,386011,,,
ED1004,C004,Patna,Hindi,Bihar,2023 - 05,212634,8837,203797,221471,,,
ED1007,C007,ranchi,Hindi,Jharkhand,2024 - 06,178080,8753,169327,186833,,,
ED1005,C005,jaipur,Hindi,Rajasthan,2020 - 08,445977,30381,415596,476358,,,
ED1005,C005,jaipur,Hindi,Rajasthan,2020 - 11,477280,23079,454201,500359,,,
ED1001,C001,lucknow,Hindi,Uttar Pradesh,2022 - 11,183103,8634,174469,191737,,,
ED1004,C004,Patna,Hindi,Bihar,2022 - 10,215446,14739,200707,230185,,,
ED1003,C003,bhopal,Hindi,Madhya Pradesh,2023 - 04,238467,9716,228751,248183,,,
ED1010,C010,Varanasi,Hindi,Uttar Pradesh,2024 - 12,374180,26217,347963,400397,,,
ED1009,C009,Ahmedabad,Hindi,Gujarat,2021 - 03,296487,10136,286351,306623,,,
ED1002,C002,Delhi,English,Delhi,2021 - 12,328098,22971,305127,351069,,,
ED1007,C007,ranchi,Hindi,Jharkhand,2024 - 03,178757,9871,168886,188628,,,
ED1008,C008,kanpur,Hindi,Uttar Pradesh,2021 - 10,332029,20139,311890,352168,,,
ED1005,C005,jaipur,Hindi,Rajasthan,2024 - 02,362743,22008,340735,384751,,,
ED1002,C002,Delhi,English,Delhi,2021 - 05,333290,17654,315636,350944,,,
ED1006,C006,Mumbai,English,Maharashtra,2022 - 04,341419,12054,329365,353473,,,
ED1009,C009,Ahmedabad,Hindi,Gujarat,2024 - 08,231195,7247,223948,238442,,,
ED1008,C008,kanpur,Hindi,Uttar Pradesh,2020 - 06,379174,20291,358883,399465,,,
ED1006,C006,Mumbai,English,Maharashtra,2019 - 02,420971,30706,390265,451677,,,
ED1003,C003,bhopal,Hindi,Madhya Pradesh,2021 - 12,258495,10417,248078,268912,,,
ED1005,C005,jaipur,Hindi,Rajasthan,2020 - 05,457401,22914,434487,480315,,,
ED1009,C009,Ahmedabad,Hindi,Gujarat,2022 - 06,264467,13767,250700,278234,,,
ED1010,C010,Varanasi,Hindi,Uttar Pradesh,2022 - 08,418387,32968,385419,451355,,,
ED1003,C003,bhopal,Hindi,Madhya Pradesh,2019 - 06,276093,8698,267395,284791,,,
ED1002,C002,Delhi,English,Delhi,2023 - 05,307469,18023,289446,325492,,,
ED1008,C008,kanpur,Hindi,Uttar Pradesh,2024 - 05,297245,19047,278198,316292,,,
ED1009,C009,Ahmedabad,Hindi,Gujarat,2023 - 01,253619,9662,243957,263281,,,
ED1003,C003,bhopal,Hindi,Madhya Pradesh,2022 - 06,253273,13780,239493,267053,,,
ED1010,C010,Varanasi,Hindi,Uttar Pradesh,2022 - 09,399465,25537,373928,425002,,,
ED1006,C006,Mumbai,English,Maharashtra,2024 - 05,321247,20089,301158,341336,,,
ED1006,C006,Mumbai,English,Maharashtra,2019 - 12,405002,23327,381675,428329,,,
ED1010,C010,Varanasi,Hindi,Uttar Pradesh,2024 - 02,354606,14872,339734,369478,,,
ED1008,C008,kanpur,Hindi,Uttar Pradesh,2020 - 03,371097,12480,358617,383577,,,
ED1005,C005,jaipur,Hindi,Rajasthan,2021 - 10,439290,17740,421550,457030,,,
ED1010,C010,Varanasi,Hindi,Uttar Pradesh,2023 - 08,401511,15689,385822,417200,,,
ED1002,C002,Delhi,English,Delhi,2024 - 11,290649,15885,274764,306534,,,
ED1002,C002,Delhi,English,Delhi,2024 - 10,287361,21671,265690,309032,,,
ED1006,C006,Mumbai,English,Maharashtra,2024 - 04,301702,22930,278772,324632,,,
ED1005,C005,jaipur,Hindi,Rajasthan,2021 - 09,449135,28770,420365,477905,,,
ED1001,C001,lucknow,Hindi,Uttar Pradesh,2020 - 08,198483,13054,185429,211537,,,
ED1003,C003,bhopal,Hindi,Madhya Pradesh,2021 - 05,259870,10840,249030,270710,,,
ED1009,C009,Ahmedabad,Hindi,Gujarat,2019 - 09,307061,13997,293064,321058,,,
ED1005,C005,jaipur,Hindi,Rajasthan,2021 - 01,427627,14963,412664,442590,,,
ED1010,C010,Varanasi,Hindi,Uttar Pradesh,2020 - 10,436144,31892,404252,468036,,,
ED1001,C001,lucknow,Hindi,Uttar Pradesh,2020 - 01,192078,6990,185088,199068,,,
ED1005,C005,jaipur,Hindi,Rajasthan,2020 - 06,483654,14859,468795,498513,,,
ED1005,C005,jaipur,Hindi,Rajasthan,2024 - 07,348448,15182,333266,363630,,,
ED1001,C001,lucknow,Hindi,Uttar Pradesh,2021 - 02,179246,7859,171387,187105,,,
ED1008,C008,kanpur,Hindi,Uttar Pradesh,2021 - 08,333142,12782,320360,345924,,,
ED1003,C003,bhopal,Hindi,Madhya Pradesh,2021 - 02,257262,19914,237348,277176,,,
ED1001,C001,lucknow,Hindi,Uttar Pradesh,2022 - 03,172470,8671,163799,181141,,,
ED1008,C008,kanpur,Hindi,Uttar Pradesh,2024 - 09,278845,9840,269005,288685,,,
ED1004,C004,Patna,Hindi,Bihar,2021 - 06,230619,8850,221769,239469,,,
ED1005,C005,jaipur,Hindi,Rajasthan,2019 - 11,495689,20328,475361,516017,,,
ED1007,C007,ranchi,Hindi,Jharkhand,2021 - 10,222697,7739,214958,230436,,,
ED1004,C004,Patna,Hindi,Bihar,2023 - 09,221093,16270,204823,237363,,,
ED1003,C003,bhopal,Hindi,Madhya Pradesh,2019 - 11,276982,15860,261122,292842,,,
ED1002,C002,Delhi,English,Delhi,2023 - 07,298251,10127,288124,308378,,,
ED1010,C010,Varanasi,Hindi,Uttar Pradesh,2021 - 07,446936,30980,415956,477916,,,
ED1005,C005,jaipur,Hindi,Rajasthan,2023 - 06,409139,23719,385420,432858,,,
ED1004,C004,Patna,Hindi,Bihar,2024 - 12,206311,10875,195436,217186,,,
ED1002,C002,Delhi,English,Delhi,2022 - 06,320662,13153,307509,333815,,,
ED1006,C006,Mumbai,English,Maharashtra,2022 - 01,356679,21708,334971,378387,,,
ED1003,C003,bhopal,Hindi,Madhya Pradesh,2021 - 06,258144,8017,250127,266161,,,
ED1008,C008,kanpur,Hindi,Uttar Pradesh,2019 - 08,376851,22825,354026,399676,,,
ED1010,C010,Varanasi,Hindi,Uttar Pradesh,2023 - 03,371591,22365,349226,393956,,,
ED1001,C001,lucknow,Hindi,Uttar Pradesh,2023 - 10,172787,5803,166984,178590,,,
ED1010,C010,Varanasi,Hindi,Uttar Pradesh,2019 - 12,500432,38021,462411,538453,,,
ED1004,C004,Patna,Hindi,Bihar,2019 - 07,263919,11064,252855,274983,,,
ED1004,C004,Patna,Hindi,Bihar,2024 - 05,206377,8550,197827,214927,,,
ED1001,C001,lucknow,Hindi,Uttar Pradesh,2020 - 06,195141,12695,182446,207836,,,
ED1010,C010,Varanasi,Hindi,Uttar Pradesh,2024 - 11,358044,15164,342880,373208,,,
ED1005,C005,jaipur,Hindi,Rajasthan,2021 - 11,433596,27970,405626,461566,,,
ED1004,C004,Patna,Hindi,Bihar,2022 - 04,221038,6872,214166,227910,,,
ED1007,C007,ranchi,Hindi,Jharkhand,2020 - 04,241690,8803,232887,250493,,,
ED1010,C010,Varanasi,Hindi,Uttar Pradesh,2022 - 06,420921,19348,401573,440269,,,
ED1003,C003,bhopal,Hindi,Madhya Pradesh,2022 - 11,234009,14424,219585,248433,,,
ED1008,C008,kanpur,Hindi,Uttar Pradesh,2024 - 12,285163,11104,274059,296267,,,
ED1009,C009,Ahmedabad,Hindi,Gujarat,2023 - 12,247551,18629,228922,266180,,,
ED1007,C007,ranchi,Hindi,Jharkhand,2019 - 05,245193,11188,234005,256381,,,
ED1002,C002,Delhi,English,Delhi,2020 - 11,367848,13467,354381,381315,,,
ED1003,C003,bhopal,Hindi,Madhya Pradesh,2022 - 01,244673,18000,226673,262673,,,
ED1005,C005,jaipur,Hindi,Rajasthan,2020 - 02,441835,20817,421018,462652,,,
ED1010,C010,Varanasi,Hindi,Uttar Pradesh,2023 - 12,395877,22374,373503,418251,,,
ED1008,C008,kanpur,Hindi,Uttar Pradesh,2021 - 01,347194,14004,333190,361198,,,
ED1007,C007,ranchi,Hindi,Jharkhand,2023 - 07,205824,8938,196886,214762,,,
ED1007,C007,ranchi,Hindi,Jharkhand,2023 - 04,198726,11096,187630,209822,,,
ED1009,C009,Ahmedabad,Hindi,Gujarat,2023 - 11,249976,9992,239984,259968,,,
ED1009,C009,Ahmedabad,Hindi,Gujarat,2020 - 07,295001,21464,273537,316465,,,
ED1001,C001,lucknow,Hindi,Uttar Pradesh,2019 - 06,210775,10072,200703,220847,,,
ED1010,C010,Varanasi,Hindi,Uttar Pradesh,2023 - 10,386914,26298,360616,413212,,,
ED1001,C001,lucknow,Hindi,Uttar Pradesh,2022 - 10,177713,12901,164812,190614,,,
ED1006,C006,Mumbai,English,Maharashtra,2024 - 09,307852,21945,285907,329797,,,
ED1008,C008,kanpur,Hindi,Uttar Pradesh,2022 - 03,338562,26544,312018,365106,,,
ED1003,C003,bhopal,Hindi,Madhya Pradesh,2021 - 04,257144,15544,241600,272688,,,
ED1001,C001,lucknow,Hindi,Uttar Pradesh,2020 - 05,190618,7629,182989,198247,,,
ED1001,C001,lucknow,Hindi,Uttar Pradesh,2023 - 01,170434,5732,164702,176166,,,
ED1010,C010,Varanasi,Hindi,Uttar Pradesh,2022 - 12,411852,14185,397667,426037,,,
ED1010,C010,Varanasi,Hindi,Uttar Pradesh,2019 - 11,464625,33019,431606,497644,,,
ED1001,C001,lucknow,Hindi,Uttar Pradesh,2019 - 04,201220,6569,194651,207789,,,
ED1007,C007,ranchi,Hindi,Jharkhand,2023 - 02,193467,14012,179455,207479,,,
ED1007,C007,ranchi,Hindi,Jharkhand,2019 - 11,233314,10543,222771,243857,,,
ED1005,C005,jaipur,Hindi,Rajasthan,2021 - 05,417148,25010,392138,442158,,,
ED1010,C010,Varanasi,Hindi,Uttar Pradesh,2020 - 03,477141,16661,460480,493802,,,
ED1004,C004,Patna,Hindi,Bihar,2024 - 08,190879,7143,183736,198022,,,
ED1002,C002,Delhi,English,Delhi,2021 - 01,351519,15734,335785,367253,,,
ED1004,C004,Patna,Hindi,Bihar,2024 - 10,202115,16068,186047,218183,,,
ED1007,C007,ranchi,Hindi,Jharkhand,2019 - 12,241389,18779,222610,260168,,,
ED1004,C004,Patna,Hindi,Bihar,2019 - 10,254082,17431,236651,271513,,,
ED1001,C001,lucknow,Hindi,Uttar Pradesh,2021 - 03,190942,8737,182205,199679,,,
ED1010,C010,Varanasi,Hindi,Uttar Pradesh,2020 - 06,448298,19049,429249,467347,,,
ED1004,C004,Patna,Hindi,Bihar,2022 - 12,227071,12032,215039,239103,,,
ED1001,C001,lucknow,Hindi,Uttar Pradesh,2023 - 03,166088,9479,156609,175567,,,
ED1006,C006,Mumbai,English,Maharashtra,2019 - 05,411524,12811,398713,424335,,,
ED1004,C004,Patna,Hindi,Bihar,2020 - 02,250565,18691,231874,269256,,,
ED1001,C001,lucknow,Hindi,Uttar Pradesh,2022 - 02,166471,5323,161148,171794,,,
ED1003,C003,bhopal,Hindi,Madhya Pradesh,2020 - 02,267971,15069,252902,283040,,,
ED1004,C004,Patna,Hindi,Bihar,2020 - 10,241553,13761,227792,255314,,,
ED1010,C010,Varanasi,Hindi,Uttar Pradesh,2022 - 07,399865,17916,381949,417781,,,
ED1006,C006,Mumbai,English,Maharashtra,2020 - 03,399016,16075,382941,415091,,,
ED1006,C006,Mumbai,English,Maharashtra,2019 - 11,410682,12603,398079,423285,,,
ED1003,C003,bhopal,Hindi,Madhya Pradesh,2021 - 08,258613,17249,241364,275862,,,
ED1009,C009,Ahmedabad,Hindi,Gujarat,2021 - 11,298775,17165,281610,315940,,,
ED1002,C002,Delhi,English,Delhi,2023 - 08,304256,23271,280985,327527,,,
ED1008,C008,kanpur,Hindi,Uttar Pradesh,2021 - 03,342639,14312,328327,356951,,,
ED1003,C003,bhopal,Hindi,Madhya Pradesh,2023 - 03,229761,13569,216192,243330,,,
ED1009,C009,Ahmedabad,Hindi,Gujarat,2022 - 01,269131,11324,257807,280455,,,
ED1009,C009,Ahmedabad,Hindi,Gujarat,2022 - 09,279981,11713,268268,291694,,,
ED1007,C007,ranchi,Hindi,Jharkhand,2021 - 01,224027,9523,214504,233550,,,
ED1010,C010,Varanasi,Hindi,Uttar Pradesh,2020 - 11,468330,22547,445783,490877,,,
ED1007,C007,ranchi,Hindi,Jharkhand,2023 - 01,198669,15025,183644,213694,,,
ED1010,C010,Varanasi,Hindi,Uttar Pradesh,2022 - 11,427465,30857,396608,458322,,,
ED1009,C009,Ahmedabad,Hindi,Gujarat,2020 - 12,319761,24569,295192,344330,,,
ED1009,C009,Ahmedabad,Hindi,Gujarat,2022 - 07,265621,15335,250286,280956,,,
ED1001,C001,lucknow,Hindi,Uttar Pradesh,2024 - 08,151526,6891,144635,158417,,,
ED1007,C007,ranchi,Hindi,Jharkhand,2022 - 06,199486,15667,183819,215153,,,
ED1003,C003,bhopal,Hindi,Madhya Pradesh,2021 - 01,248350,8423,239927,256773,,,
ED1007,C007,ranchi,Hindi,Jharkhand,2020 - 01,235068,8868,226200,243936,,,
ED1007,C007,ranchi,Hindi,Jharkhand,2022 - 12,199330,13445,185885,212775,,,
ED1003,C003,bhopal,Hindi,Madhya Pradesh,2020 - 07,263800,11988,251812,275788,,,
ED1005,C005,jaipur,Hindi,Rajasthan,2020 - 10,460138,25817,434321,485955,,,
ED1003,C003,bhopal,Hindi,Madhya Pradesh,2023 - 02,221274,8557,212717,229831,,,
ED1008,C008,kanpur,Hindi,Uttar Pradesh,2019 - 09,383817,30508,353309,414325,,,
ED1006,C006,Mumbai,English,Maharashtra,2019 - 06,432670,17238,415432,449908,,,
ED1006,C006,Mumbai,English,Maharashtra,2020 - 12,403461,15765,387696,419226,,,
ED1010,C010,Varanasi,Hindi,Uttar Pradesh,2019 - 01,470435,37574,432861,508009,,,
ED1008,C008,kanpur,Hindi,Uttar Pradesh,2020 - 04,366678,28791,337887,395469,,,
ED1003,C003,bhopal,Hindi,Madhya Pradesh,2019 - 09,278122,12933,265189,291055,,,
ED1007,C007,ranchi,Hindi,Jharkhand,2023 - 03,188327,6479,181848,194806,,,
ED1007,C007,ranchi,Hindi,Jharkhand,2024 - 04,182586,9562,173024,192148,,,
ED1004,C004,Patna,Hindi,Bihar,2019 - 11,257488,8160,249328,265648,,,
ED1009,C009,Ahmedabad,Hindi,Gujarat,2022 - 05,286832,18358,268474,305190,,,
ED1009,C009,Ahmedabad,Hindi,Gujarat,2020 - 06,321881,22403,299478,344284,,,
ED1002,C002,Delhi,English,Delhi,2021 - 08,353024,13150,339874,366174,,,
ED1006,C006,Mumbai,English,Maharashtra,2024 - 02,321044,18300,302744,339344,,,
ED1006,C006,Mumbai,English,Maharashtra,2023 - 12,321671,23740,297931,345411,,,
ED1010,C010,Varanasi,Hindi,Uttar Pradesh,2019 - 08,502705,29789,472916,532494,,,
ED1008,C008,kanpur,Hindi,Uttar Pradesh,2022 - 05,333128,13029,320099,346157,,,
ED1002,C002,Delhi,English,Delhi,2019 - 03,370373,21245,349128,391618,,,
ED1002,C002,Delhi,English,Delhi,2022 - 08,322620,11020,311600,333640,,,
ED1006,C006,Mumbai,English,Maharashtra,2022 - 12,350550,19990,330560,370540,,,
ED1010,C010,Varanasi,Hindi,Uttar Pradesh,2022 - 10,408626,21177,387449,429803,,,
ED1002,C002,Delhi,English,Delhi,2022 - 12,317276,21051,296225,338327,,,
ED1001,C001,lucknow,Hindi,Uttar Pradesh,2023 - 06,158938,6724,152214,165662,,,
ED1003,C003,bhopal,Hindi,Madhya Pradesh,2019 - 08,287698,17754,269944,305452,,,
ED1006,C006,Mumbai,English,Maharashtra,2022 - 08,344331,18026,326305,362357,,,
ED1010,C010,Varanasi,Hindi,Uttar Pradesh,2021 - 06,415364,28191,387173,443555,,,
ED1003,C003,bhopal,Hindi,Madhya Pradesh,2024 - 04,217667,9028,208639,226695,,,
ED1007,C007,ranchi,Hindi,Jharkhand,2023 - 11,199474,10455,189019,209929,,,
ED1008,C008,kanpur,Hindi,Uttar Pradesh,2019 - 12,383849,15938,367911,399787,,,
ED1007,C007,ranchi,Hindi,Jharkhand,2024 - 09,191781,7657,184124,199438,,,
ED1008,C008,kanpur,Hindi,Uttar Pradesh,2023 - 03,295287,12082,283205,307369,,,
ED1001,C001,lucknow,Hindi,Uttar Pradesh,2019 - 09,210227,12778,197449,223005,,,
ED1009,C009,Ahmedabad,Hindi,Gujarat,2019 - 07,316967,18921,298046,335888,,,
ED1001,C001,lucknow,Hindi,Uttar Pradesh,2022 - 01,176470,6256,170214,182726,,,
ED1007,C007,ranchi,Hindi,Jharkhand,2020 - 09,235511,7237,228274,242748,,,
ED1002,C002,Delhi,English,Delhi,2024 - 08,292105,10297,281808,302402,,,
ED1004,C004,Patna,Hindi,Bihar,2022 - 02,225391,15358,210033,240749,,,
ED1005,C005,jaipur,Hindi,Rajasthan,2020 - 04,449446,23943,425503,473389,,,
ED1009,C009,Ahmedabad,Hindi,Gujarat,2019 - 10,316135,18722,297413,334857,,,
ED1008,C008,kanpur,Hindi,Uttar Pradesh,2022 - 04,317426,14906,302520,332332,,,
ED1006,C006,Mumbai,English,Maharashtra,2019 - 09,420151,29899,390252,450050,,,
ED1001,C001,lucknow,Hindi,Uttar Pradesh,2023 - 12,167015,9768,157247,176783,,,
ED1002,C002,Delhi,English,Delhi,2022 - 04,338604,25033,313571,363637,,,
ED1008,C008,kanpur,Hindi,Uttar Pradesh,2020 - 02,370090,13357,356733,383447,,,
ED1008,C008,kanpur,Hindi,Uttar Pradesh,2020 - 10,359740,11120,348620,370860,,,
ED1009,C009,Ahmedabad,Hindi,Gujarat,2024 - 05,248981,11622,237359,260603,,,
ED1004,C004,Patna,Hindi,Bihar,2022 - 11,232272,14451,217821,246723,,,
ED1009,C009,Ahmedabad,Hindi,Gujarat,2021 - 06,301605,15271,286334,316876,,,
ED1005,C005,jaipur,Hindi,Rajasthan,2019 - 10,478235,17663,460572,495898,,,
ED1007,C007,ranchi,Hindi,Jharkhand,2022 - 10,201642,14242,187400,215884,,,
ED1006,C006,Mumbai,English,Maharashtra,2023 - 07,335223,19435,315788,354658,,,
ED1003,C003,bhopal,Hindi,Madhya Pradesh,2019 - 07,297331,11267,286064,308598,,,
ED1007,C007,ranchi,Hindi,Jharkhand,2019 - 02,241078,17968,223110,259046,,,
ED1008,C008,kanpur,Hindi,Uttar Pradesh,2024 - 07,281380,19064,262316,300444,,,
ED1007,C007,ranchi,Hindi,Jharkhand,2019 - 09,244928,12322,232606,257250,,,
ED1010,C010,Varanasi,Hindi,Uttar Pradesh,2021 - 12,427451,17045,410406,444496,,,
ED1004,C004,Patna,Hindi,Bihar,2023 - 03,217142,6610,210532,223752,,,
ED1009,C009,Ahmedabad,Hindi,Gujarat,2023 - 03,270995,18709,252286,289704,,,
ED1005,C005,jaipur,Hindi,Rajasthan,2024 - 12,383036,20697,362339,403733,,,
ED1009,C009,Ahmedabad,Hindi,Gujarat,2024 - 03,240475,9878,230597,250353,,,
ED1007,C007,ranchi,Hindi,Jharkhand,2023 - 09,201743,10783,190960,212526,,,
ED1003,C003,bhopal,Hindi,Madhya Pradesh,2019 - 04,294838,9447,285391,304285,,,
ED1003,C003,bhopal,Hindi,Madhya Pradesh,2019 - 03,296371,14509,281862,310880,,,
ED1008,C008,kanpur,Hindi,Uttar Pradesh,2020 - 11,366921,23169,343752,390090,,,
ED1010,C010,Varanasi,Hindi,Uttar Pradesh,2020 - 07,465825,29362,436463,495187,,,
ED1008,C008,kanpur,Hindi,Uttar Pradesh,2021 - 12,341258,24146,317112,365404,,,
ED1005,C005,jaipur,Hindi,Rajasthan,2024 - 01,378727,17567,361160,396294,,,
ED1007,C007,ranchi,Hindi,Jharkhand,2021 - 08,230706,7237,223469,237943,,,
ED1005,C005,jaipur,Hindi,Rajasthan,2022 - 02,398343,21392,376951,419735,,,
ED1003,C003,bhopal,Hindi,Madhya Pradesh,2022 - 07,249101,16099,233002,265200,,,
ED1002,C002,Delhi,English,Delhi,2023 - 04,292983,22927,270056,315910,,,
ED1009,C009,Ahmedabad,Hindi,Gujarat,2021 - 12,283441,16320,267121,299761,,,
ED1002,C002,Delhi,English,Delhi,2024 - 12,281237,12155,269082,293392,,,
ED1010,C010,Varanasi,Hindi,Uttar Pradesh,2022 - 02,402955,18291,384664,421246,,,
ED1003,C003,bhopal,Hindi,Madhya Pradesh,2023 - 06,233916,8410,225506,242326,,,
ED1004,C004,Patna,Hindi,Bihar,2024 - 04,206098,15090,191008,221188,,,
ED1005,C005,jaipur,Hindi,Rajasthan,2019 - 06,474645,20349,454296,494994,,,
ED1006,C006,Mumbai,English,Maharashtra,2022 - 05,341885,18674,323211,360559,,,
ED1002,C002,Delhi,English,Delhi,2023 - 03,317071,21657,295414,338728,,,
ED1003,C003,bhopal,Hindi,Madhya Pradesh,2022 - 04,245360,7943,237417,253303,,,
ED1003,C003,bhopal,Hindi,Madhya Pradesh,2023 - 11,219522,16943,202579,236465,,,
ED1007,C007,ranchi,Hindi,Jharkhand,2019 - 07,252228,10513,241715,262741,,,
ED1004,C004,Patna,Hindi,Bihar,2021 - 07,248360,15715,232645,264075,,,
ED1006,C006,Mumbai,English,Maharashtra,2023 - 08,324550,20306,304244,344856,,,
ED1009,C009,Ahmedabad,Hindi,Gujarat,2024 - 02,232412,11666,220746,244078,,,
ED1002,C002,Delhi,English,Delhi,2023 - 10,300381,16472,283909,316853,,,
ED1006,C006,Mumbai,English,Maharashtra,2022 - 07,353031,11203,341828,364234,,,
ED1010,C010,Varanasi,Hindi,Uttar Pradesh,2021 - 09,420921,24243,396678,445164,,,
ED1008,C008,kanpur,Hindi,Uttar Pradesh,2023 - 07,297132,19299,277833,316431,,,
ED1004,C004,Patna,Hindi,Bihar,2019 - 04,272198,18402,253796,290600,,,
ED1010,C010,Varanasi,Hindi,Uttar Pradesh,2019 - 06,489575,27396,462179,516971,,,
ED1009,C009,Ahmedabad,Hindi,Gujarat,2021 - 05,284209,8863,275346,293072,,,
ED1010,C010,Varanasi,Hindi,Uttar Pradesh,2019 - 09,506401,28703,477698,535104,,,
ED1009,C009,Ahmedabad,Hindi,Gujarat,2020 - 08,292723,11938,280785,304661,,,
ED1006,C006,Mumbai,English,Maharashtra,2021 - 03,370814,16084,354730,386898,,,
ED1010,C010,Varanasi,Hindi,Uttar Pradesh,2023 - 01,385935,14004,371931,399939,,,
ED1008,C008,kanpur,Hindi,Uttar Pradesh,2019 - 06,400540,18893,381647,419433,,,
ED1004,C004,Patna,Hindi,Bihar,2023 - 04,209179,12026,197153,221205,,,
ED1007,C007,ranchi,Hindi,Jharkhand,2019 - 10,249706,15415,234291,265121,,,
ED1007,C007,ranchi,Hindi,Jharkhand,2024 - 05,176290,11631,164659,187921,,,
ED1002,C002,Delhi,English,Delhi,2022 - 05,338375,16342,322033,354717,,,
ED1004,C004,Patna,Hindi,Bihar,2020 - 05,258377,18121,240256,276498,,,
ED1009,C009,Ahmedabad,Hindi,Gujarat,2023 - 02,247852,14529,233323,262381,,,
ED1006,C006,Mumbai,English,Maharashtra,2020 - 02,418157,23899,394258,442056,,,
ED1004,C004,Patna,Hindi,Bihar,2020 - 06,249823,16039,233784,265862,,,
ED1008,C008,kanpur,Hindi,Uttar Pradesh,2024 - 04,289849,21452,268397,311301,,,
ED1005,C005,jaipur,Hindi,Rajasthan,2021 - 06,439438,17757,421681,457195,,,
ED1006,C006,Mumbai,English,Maharashtra,2023 - 03,351024,15435,335589,366459,,,
ED1009,C009,Ahmedabad,Hindi,Gujarat,2024 - 07,254073,10810,243263,264883,,,
ED1005,C005,jaipur,Hindi,Rajasthan,2024 - 11,353118,14665,338453,367783,,,
ED1004,C004,Patna,Hindi,Bihar,2022 - 07,218233,10100,208133,228333,,,
ED1004,C004,Patna,Hindi,Bihar,2024 - 07,191865,11363,180502,203228,,,
ED1006,C006,Mumbai,English,Maharashtra,2020 - 05,416717,20879,395838,437596,,,
ED1006,C006,Mumbai,English,Maharashtra,2021 - 01,368060,23621,344439,391681,,,
ED1004,C004,Patna,Hindi,Bihar,2019 - 09,255312,18967,236345,274279,,,
ED1010,C010,Varanasi,Hindi,Uttar Pradesh,2021 - 11,414728,30357,384371,445085,,,
ED1009,C009,Ahmedabad,Hindi,Gujarat,2019 - 12,329058,17650,311408,346708,,,
ED1007,C007,ranchi,Hindi,Jharkhand,2022 - 05,209402,11971,197431,221373,,,
ED1005,C005,jaipur,Hindi,Rajasthan,2023 - 12,394044,24590,369454,418634,,,
ED1008,C008,kanpur,Hindi,Uttar Pradesh,2019 - 02,372778,24066,348712,396844,,,
ED1010,C010,Varanasi,Hindi,Uttar Pradesh,2024 - 01,352843,26315,326528,379158,,,
ED1010,C010,Varanasi,Hindi,Uttar Pradesh,2020 - 05,438755,21279,417476,460034,,,
ED1009,C009,Ahmedabad,Hindi,Gujarat,2024 - 12,242429,10060,232369,252489,,,
ED1009,C009,Ahmedabad,Hindi,Gujarat,2022 - 02,273483,12702,260781,286185,,,
ED1009,C009,Ahmedabad,Hindi,Gujarat,2021 - 07,280815,18135,262680,298950,,,
ED1008,C008,kanpur,Hindi,Uttar Pradesh,2023 - 05,310510,14711,295799,325221,,,
ED1009,C009,Ahmedabad,Hindi,Gujarat,2019 - 02,319110,17151,301959,336261,,,
ED1002,C002,Delhi,English,Delhi,2020 - 02,378800,13403,365397,392203,,,
ED1004,C004,Patna,Hindi,Bihar,2021 - 03,248447,11548,236899,259995,,,
ED1003,C003,bhopal,Hindi,Madhya Pradesh,2020 - 04,279513,21009,258504,300522,,,
ED1008,C008,kanpur,Hindi,Uttar Pradesh,2020 - 09,366091,27741,338350,393832,,,
ED1001,C001,lucknow,Hindi,Uttar Pradesh,2021 - 12,183747,8214,175533,191961,,,
ED1008,C008,kanpur,Hindi,Uttar Pradesh,2022 - 01,311206,24855,286351,336061,,,
ED1003,C003,bhopal,Hindi,Madhya Pradesh,2021 - 03,257472,12583,244889,270055,,,
ED1009,C009,Ahmedabad,Hindi,Gujarat,2022 - 04,263383,18967,244416,282350,,,
ED1009,C009,Ahmedabad,Hindi,Gujarat,2021 - 08,283739,20831,262908,304570,,,
ED1010,C010,Varanasi,Hindi,Uttar Pradesh,2021 - 05,414465,18439,396026,432904,,,
ED1002,C002,Delhi,English,Delhi,2020 - 12,349735,25128,324607,374863,,,
ED1008,C008,kanpur,Hindi,Uttar Pradesh,2023 - 12,293693,20074,273619,313767,,,
ED1004,C004,Patna,Hindi,Bihar,2021 - 01,227221,17328,209893,244549,,,
ED1008,C008,kanpur,Hindi,Uttar Pradesh,2024 - 11,299971,20533,279438,320504,,,
ED1007,C007,ranchi,Hindi,Jharkhand,2021 - 05,231707,13514,218193,245221,,,
ED1008,C008,kanpur,Hindi,Uttar Pradesh,2023 - 02,300348,10038,290310,310386,,,
ED1009,C009,Ahmedabad,Hindi,Gujarat,2023 - 07,249998,10800,239198,260798,,,
ED1003,C003,bhopal,Hindi,Madhya Pradesh,2024 - 03,213084,10977,202107,224061,,,
ED1006,C006,Mumbai,English,Maharashtra,2021 - 09,385886,23622,362264,409508,,,
ED1006,C006,Mumbai,English,Maharashtra,2022 - 02,361828,17506,344322,379334,,,
ED1009,C009,Ahmedabad,Hindi,Gujarat,2021 - 09,284447,21726,262721,306173,,,
ED1004,C004,Patna,Hindi,Bihar,2019 - 02,277678,18188,259490,295866,,,
ED1001,C001,lucknow,Hindi,Uttar Pradesh,2019 - 05,213822,6939,206883,220761,,,
ED1009,C009,Ahmedabad,Hindi,Gujarat,2024 - 06,249959,15383,234576,265342,,,
ED1008,C008,kanpur,Hindi,Uttar Pradesh,2022 - 07,315365,10785,304580,326150,,,
ED1002,C002,Delhi,English,Delhi,2021 - 03,344462,25664,318798,370126,,,
ED1008,C008,kanpur,Hindi,Uttar Pradesh,2024 - 10,281599,12239,269360,293838,,,
ED1006,C006,Mumbai,English,Maharashtra,2022 - 11,360956,14802,346154,375758,,,
ED1007,C007,ranchi,Hindi,Jharkhand,2024 - 11,186877,6163,180714,193040,,,
ED1001,C001,lucknow,Hindi,Uttar Pradesh,2022 - 12,179866,6404,173462,186270,,,
ED1001,C001,lucknow,Hindi,Uttar Pradesh,2021 - 09,191553,12629,178924,204182,,,
ED1003,C003,bhopal,Hindi,Madhya Pradesh,2023 - 09,229149,7087,222062,236236,,,
ED1002,C002,Delhi,English,Delhi,2024 - 03,294099,22931,271168,317030,,,
ED1001,C001,lucknow,Hindi,Uttar Pradesh,2021 - 04,176911,8458,168453,185369,,,
ED1009,C009,Ahmedabad,Hindi,Gujarat,2023 - 09,245628,14654,230974,260282,,,
ED1004,C004,Patna,Hindi,Bihar,2020 - 03,259573,8314,251259,267887,,,
ED1007,C007,ranchi,Hindi,Jharkhand,2023 - 10,194458,7833,186625,202291,,,
ED1006,C006,Mumbai,English,Maharashtra,2020 - 07,411237,14933,396304,426170,,,
ED1005,C005,jaipur,Hindi,Rajasthan,2019 - 01,476937,25474,451463,502411,,,
ED1006,C006,Mumbai,English,Maharashtra,2023 - 11,330041,15405,314636,345446,,,
ED1006,C006,Mumbai,English,Maharashtra,2021 - 08,369967,25111,344856,395078,,,
ED1009,C009,Ahmedabad,Hindi,Gujarat,2020 - 05,304022,23886,280136,327908,,,
ED1007,C007,ranchi,Hindi,Jharkhand,2024 - 07,174777,9071,165706,183848,,,
ED1002,C002,Delhi,English,Delhi,2024 - 07,296188,18293,277895,314481,,,
ED1001,C001,lucknow,Hindi,Uttar Pradesh,2024 - 03,161495,11730,149765,173225,,,
ED1007,C007,ranchi,Hindi,Jharkhand,2022 - 04,214527,7363,207164,221890,,,
ED1002,C002,Delhi,English,Delhi,2023 - 09,303202,12938,290264,316140,,,
ED1010,C010,Varanasi,Hindi,Uttar Pradesh,2023 - 04,400526,25275,375251,425801,,,
ED1008,C008,kanpur,Hindi,Uttar Pradesh,2020 - 05,365086,25284,339802,390370,,,
ED1001,C001,lucknow,Hindi,Uttar Pradesh,2024 - 05,152776,8424,144352,161200,,,
ED1001,C001,lucknow,Hindi,Uttar Pradesh,2020 - 03,186109,6328,179781,192437,,,
ED1003,C003,bhopal,Hindi,Madhya Pradesh,2020 - 01,263752,10360,253392,274112,,,
ED1001,C001,lucknow,Hindi,Uttar Pradesh,2022 - 05,183598,10862,172736,194460,,,
ED1007,C007,ranchi,Hindi,Jharkhand,2024 - 01,189977,7511,182466,197488,,,
ED1006,C006,Mumbai,English,Maharashtra,2020 - 08,394137,28202,365935,422339,,,
ED1003,C003,bhopal,Hindi,Madhya Pradesh,2022 - 08,241959,13178,228781,255137,,,
ED1004,C004,Patna,Hindi,Bihar,2019 - 01,266133,19947,246186,286080,,,
ED1001,C001,lucknow,Hindi,Uttar Pradesh,2023 - 05,156940,4991,151949,161931,,,
ED1005,C005,jaipur,Hindi,Rajasthan,2023 - 02,402721,20474,382247,423195,,,
ED1005,C005,jaipur,Hindi,Rajasthan,2019 - 08,472599,18809,453790,491408,,,
ED1004,C004,Patna,Hindi,Bihar,2021 - 12,232759,14188,218571,246947,,,
ED1007,C007,ranchi,Hindi,Jharkhand,2021 - 06,215646,12054,203592,227700,,,
ED1007,C007,ranchi,Hindi,Jharkhand,2020 - 12,241631,17057,224574,258688,,,
ED1010,C010,Varanasi,Hindi,Uttar Pradesh,2024 - 10,372642,20339,352303,392981,,,
ED1004,C004,Patna,Hindi,Bihar,2023 - 06,216732,11385,205347,228117,,,
ED1003,C003,bhopal,Hindi,Madhya Pradesh,2023 - 10,217132,7711,209421,224843,,,
ED1003,C003,bhopal,Hindi,Madhya Pradesh,2020 - 06,275941,12509,263432,288450,,,
ED1008,C008,kanpur,Hindi,Uttar Pradesh,2023 - 04,290811,22582,268229,313393,,,
ED1006,C006,Mumbai,English,Maharashtra,2022 - 06,356241,19228,337013,375469,,,
ED1007,C007,ranchi,Hindi,Jharkhand,2022 - 09,213418,13578,199840,226996,,,
ED1002,C002,Delhi,English,Delhi,2021 - 10,341868,17970,323898,359838,,,
ED1008,C008,kanpur,Hindi,Uttar Pradesh,2024 - 02,284638,12119,272519,296757,,,
ED1006,C006,Mumbai,English,Maharashtra,2021 - 06,389549,14397,375152,403946,,,
ED1001,C001,lucknow,Hindi,Uttar Pradesh,2019 - 02,198270,14522,183748,212792,,,
ED1010,C010,Varanasi,Hindi,Uttar Pradesh,2020 - 12,474884,33059,441825,507943,,,
ED1008,C008,kanpur,Hindi,Uttar Pradesh,2023 - 10,314092,11885,302207,325977,,,
ED1002,C002,Delhi,English,Delhi,2019 - 09,364960,27638,337322,392598,,,
ED1003,C003,bhopal,Hindi,Madhya Pradesh,2024 - 02,212262,15742,196520,228004,,,
ED1001,C001,lucknow,Hindi,Uttar Pradesh,2021 - 11,183241,14530,168711,197771,,,
ED1008,C008,kanpur,Hindi,Uttar Pradesh,2019 - 05,393557,13129,380428,406686,,,
ED1006,C006,Mumbai,English,Maharashtra,2024 - 08,319995,10479,309516,330474,,,
ED1007,C007,ranchi,Hindi,Jharkhand,2020 - 11,237095,10618,226477,247713,,,
ED1006,C006,Mumbai,English,Maharashtra,2019 - 07,403289,20387,382902,423676,,,
ED1002,C002,Delhi,English,Delhi,2020 - 08,364920,17774,347146,382694,,,
ED1005,C005,jaipur,Hindi,Rajasthan,2023 - 04,372154,22146,350008,394300,,,
ED1008,C008,kanpur,Hindi,Uttar Pradesh,2024 - 01,278000,8569,269431,286569,,,
ED1005,C005,jaipur,Hindi,Rajasthan,2023 - 10,370926,25113,345813,396039,,,
ED1004,C004,Patna,Hindi,Bihar,2021 - 02,239784,16422,223362,256206,,,
ED1001,C001,lucknow,Hindi,Uttar Pradesh,2020 - 02,205293,8838,196455,214131,,,
ED1005,C005,jaipur,Hindi,Rajasthan,2021 - 04,452804,14119,438685,466923,,,
ED1009,C009,Ahmedabad,Hindi,Gujarat,2021 - 01,299988,10495,289493,310483,,,
ED1006,C006,Mumbai,English,Maharashtra,2021 - 04,380638,13316,367322,393954,,,
ED1004,C004,Patna,Hindi,Bihar,2023 - 10,205079,10916,194163,215995,,,
ED1003,C003,bhopal,Hindi,Madhya Pradesh,2020 - 11,262140,20514,241626,282654,,,
ED1010,C010,Varanasi,Hindi,Uttar Pradesh,2024 - 06,357724,12898,344826,370622,,,
ED1009,C009,Ahmedabad,Hindi,Gujarat,2024 - 11,247679,19108,228571,266787,,,
ED1007,C007,ranchi,Hindi,Jharkhand,2023 - 05,205551,12997,192554,218548,,,
ED1010,C010,Varanasi,Hindi,Uttar Pradesh,2023 - 07,398429,17762,380667,416191,,,
ED1008,C008,kanpur,Hindi,Uttar Pradesh,2019 - 01,362751,14529,348222,377280,,,
ED1004,C004,Patna,Hindi,Bihar,2021 - 04,246463,11672,234791,258135,,,
ED1008,C008,kanpur,Hindi,Uttar Pradesh,2024 - 03,284706,20245,264461,304951,,,
ED1008,C008,kanpur,Hindi,Uttar Pradesh,2023 - 11,302169,23058,279111,325227,,,
ED1003,C003,bhopal,Hindi,Madhya Pradesh,2022 - 10,231160,9887,221273,241047,,,
ED1007,C007,ranchi,Hindi,Jharkhand,2022 - 08,209478,7021,202457,216499,,,
ED1010,C010,Varanasi,Hindi,Uttar Pradesh,2021 - 10,425905,16802,409103,442707,,,
ED1008,C008,kanpur,Hindi,Uttar Pradesh,2019 - 07,373047,29643,343404,402690,,,
ED1001,C001,lucknow,Hindi,Uttar Pradesh,2023 - 11,169050,12542,156508,181592,,,
ED1007,C007,ranchi,Hindi,Jharkhand,2022 - 07,218712,9783,208929,228495,,,
ED1008,C008,kanpur,Hindi,Uttar Pradesh,2023 - 09,303528,18662,284866,322190,,,
ED1004,C004,Patna,Hindi,Bihar,2022 - 01,233409,13658,219751,247067,,,
ED1001,C001,lucknow,Hindi,Uttar Pradesh,2020 - 10,204356,13975,190381,218331,,,
ED1005,C005,jaipur,Hindi,Rajasthan,2021 - 02,426950,30256,396694,457206,,,
ED1007,C007,ranchi,Hindi,Jharkhand,2021 - 04,229370,7989,221381,237359,,,
ED1003,C003,bhopal,Hindi,Madhya Pradesh,2020 - 05,273866,12856,261010,286722,,,
ED1004,C004,Patna,Hindi,Bihar,2024 - 01,197776,7686,190090,205462,,,
ED1003,C003,bhopal,Hindi,Madhya Pradesh,2022 - 12,231378,9764,221614,241142,,,
ED1006,C006,Mumbai,English,Maharashtra,2021 - 02,386629,30682,355947,417311,,,
ED1006,C006,Mumbai,English,Maharashtra,2023 - 06,350455,21184,329271,371639,,,
ED1007,C007,ranchi,Hindi,Jharkhand,2023 - 12,192912,14576,178336,207488,,,
ED1005,C005,jaipur,Hindi,Rajasthan,2023 - 08,395985,25158,370827,421143,,,
ED1005,C005,jaipur,Hindi,Rajasthan,2020 - 09,472940,35570,437370,508510,,,
ED1010,C010,Varanasi,Hindi,Uttar Pradesh,2020 - 02,456793,23564,433229,480357,,,
ED1002,C002,Delhi,English,Delhi,2023 - 11,31072,23840,277232,54912,,,
ED1010,C010,Varanasi,Hindi,Uttar Pradesh,2020 - 04,455526,21880,433646,477406,,,
ED1002,C002,Delhi,English,Delhi,2021 - 04,330327,25420,304907,355747,,,
ED1006,C006,Mumbai,English,Maharashtra,2020 - 01,412578,30046,382532,442624,,,
ED1002,C002,Delhi,English,Delhi,2020 - 04,374554,13628,360926,388182,,,
ED1007,C007,ranchi,Hindi,Jharkhand,2021 - 03,231185,7705,223480,238890,,,
ED1005,C005,jaipur,Hindi,Rajasthan,2022 - 07,418750,30907,387843,449657,,,
ED1003,C003,bhopal,Hindi,Madhya Pradesh,2024 - 11,216889,7440,209449,224329,,,
ED1007,C007,ranchi,Hindi,Jharkhand,2021 - 11,228205,7750,220455,235955,,,
ED1002,C002,Delhi,English,Delhi,2023 - 02,315721,20264,295457,335985,,,
ED1009,C009,Ahmedabad,Hindi,Gujarat,2022 - 03,284167,18704,265463,302871,,,
ED1001,C001,lucknow,Hindi,Uttar Pradesh,2020 - 09,205413,13482,191931,218895,,,
ED1010,C010,Varanasi,Hindi,Uttar Pradesh,2023 - 05,379193,17610,361583,396803,,,
ED1001,C001,lucknow,Hindi,Uttar Pradesh,2024 - 12,152122,7049,145073,159171,,,
ED1002,C002,Delhi,English,Delhi,2021 - 11,356211,25456,330755,381667,,,
ED1004,C004,Patna,Hindi,Bihar,2023 - 07,203130,12260,190870,215390,,,
ED1007,C007,ranchi,Hindi,Jharkhand,2019 - 04,253719,16510,237209,270229,,,
ED1002,C002,Delhi,English,Delhi,2021 - 07,348093,11620,336473,359713,,,
,,,,,,,,,,,,
,,,,,,218248284,11830187,206990497,,,,
